{
  "bm25Only": {
    "ndcgAtK": 0.8886805933987073,
    "mrr": 0.8872549019607843,
    "hitRateAtK": 0.9705882352941176
  },
  "hybrid": {
    "ndcgAtK": 0.8886805933987073,
    "mrr": 0.8872549019607843,
    "hitRateAtK": 0.9705882352941176
  },
  "queries": 34,
  "corpusSize": 53,
  "k": 10,
  "model": "unit-vector",
  "recordedAt": "2026-06-02T00:44:50.984Z"
}
